-- Storm Peaks: Centre map Randoms
-- c.30052 Creteus
UPDATE creature_template SET MovementType = 4 WHERE entry IN (30052);
UPDATE creature SET position_x = 7420.953, position_y = -909.6816, position_z = 908.5565, orientation = 0, spawndist = 0, MovementType = 4 WHERE guid = 527082;
DELETE FROM creature_movement_template WHERE Entry = 30052;
INSERT INTO creature_movement_template (`Entry`, `Point`, `PositionX`, `PositionY`, `PositionZ`, `Orientation`, `WaitTime`, `ScriptId`) VALUES
(30052,1,7420.953,-909.6816,908.5565,100,1000,0),
(30052,2,7393.3135,-923.7285,907.2759,100,0,0),
(30052,3,7374.346,-935.5877,906.81256,100,0,0),
(30052,4,7364.138,-963.9908,906.0222,100,0,0),
(30052,5,7354.4316,-990.24023,907.11584,100,0,0),
(30052,6,7344.1416,-1026.2693,907.1238,100,0,0),
(30052,7,7346.276,-1065.4067,908.35675,100,1000,0);

-- c.30445 Ice Steppe Bull & c.29469 Ice Steppe Rhino
DELETE FROM creature_addon WHERE guid IN (533719,533720,533723,533725,533743);
DELETE FROM creature_movement WHERE id IN (533719,533720,533723,533723,533725,533743);
DELETE FROM game_event_creature WHERE guid IN (533719,533720,533723,533723,533725,533743);
DELETE FROM game_event_creature_data WHERE guid IN (533719,533720,533723,533723,533725,533743);
DELETE FROM creature_battleground WHERE guid IN (533719,533720,533723,533723,533725,533743);
DELETE FROM creature_linking WHERE guid IN (533719,533720,533723,533723,533725,533743);
DELETE FROM creature WHERE guid IN (533719,533720,533723,533723,533725,533743);
INSERT INTO creature (guid, id, map, spawnMask, phaseMask, position_x, position_y, position_z, orientation, spawntimesecsmin, spawntimesecsmax, spawndist, MovementType) VALUES
(533719,30445,571,1,1,7305.87,-1476.78,918.013,5.30646,300,300,7,1),
(533720,29469,571,1,1,7166.88,-1452.48,922.455,2.97854,300,300,7,1),
(533723,30445,571,1,1,7326.558,-1392.2877,910.4149,0,300,300,0,4), -- linear
(533725,30445,571,1,1,7424.511,-1316.4491,910.40497,0,300,300,0,4), -- linear
(533743,29469,571,1,1,7347.961,-917.1916,910.76776,0,300,300,7,1);
UPDATE creature_template SET StaticFlags1 = StaticFlags1|2147483648 WHERE entry IN (29469,30445);
UPDATE creature SET position_x = 7556.166504, position_y = -1291.139282, position_z = 925.098389 WHERE guid = 525087;
UPDATE creature SET position_x = 7541.611816, position_y = -1383.547729, position_z = 944.971924 WHERE guid = 525075;
UPDATE creature SET position_x = 7246.693359, position_y = -1356.327759, position_z = 913.153748 WHERE guid = 525083;
UPDATE creature SET position_x = 7334.696289, position_y = -1532.479004, position_z = 933.334717 WHERE guid = 525081;
UPDATE creature SET position_x = 7405.517090, position_y = -1408.424927, position_z = 920.734619, spawndist = 7, MovementType = 1 WHERE guid = 527994;
UPDATE creature SET position_x = 7432.105, position_y =-851.88074, position_z = 917.7213, orientation = 0, spawndist = 0, MovementType = 2 WHERE guid = 527995;
DELETE FROM creature_movement WHERE id IN (527995,533723);
INSERT INTO creature_movement (`id`, `Point`, `PositionX`, `PositionY`, `PositionZ`, `Orientation`, `WaitTime`, `ScriptId`) VALUES
-- 527995
(527995,1,7432.105,-851.88074,917.7213,100,0,0),
(527995,2,7409.585,-841.4107,923.9235,100,0,0),
(527995,3,7394.2095,-840.6893,925.93176,100,0,0),
(527995,4,7362.568,-843.0137,927.8905,100,0,0),
(527995,5,7347.096,-845.95074,928.7464,100,0,0),
(527995,6,7333.0806,-870.78577,924.6826,100,0,0),
(527995,7,7325.6963,-906.31683,918.52686,100,0,0),
(527995,8,7336.94,-921.5516,912.3371,100,0,0),
(527995,9,7357.8345,-931.8518,907.3788,100,0,0),
(527995,10,7382.908,-926.4106,906.6427,100,0,0),
(527995,11,7408.7007,-904.7343,907.89886,100,0,0),
(527995,12,7400.0894,-886.0153,911.17993,100,0,0),
(527995,13,7430.9956,-887.5981,908.5212,100,0,0),
(527995,14,7448.278,-864.9914,911.0708,100,0,0),
-- 533723 - taken by 526068
(533723,1,7326.558,-1392.2877,910.4149,100,500,0),
(533723,2,7352.1763,-1410.8422,912.9326,100,0,0),
(533723,3,7372.836,-1405.3838,912.5011,100,0,0),
(533723,4,7382.768,-1386.2285,913.2565,100,0,0),
(533723,5,7376.0166,-1355.9551,909.8868,100,0,0),
(533723,6,7352.2056,-1351.0452,906.8805,100,0,0),
(533723,7,7340.9688,-1338.9529,905.0443,100,0,0),
(533723,8,7351.5645,-1328.2272,905.46893,100,500,0),
-- 533725 - taken by 526309
(533725,1,7424.511,-1316.4491,910.40497,100,500,0),
(533725,2,7422.9785,-1295.1606,905.1943,100,0,0),
(533725,3,7429.077,-1286.1426,905.42535,100,0,0),
(533725,4,7437.4375,-1278.0775,907.2837,100,0,0),
(533725,5,7439.0635,-1263.5748,907.7986,100,0,0),
(533725,6,7416.6094,-1250.8657,904.4818,100,500,0);
-- spawn groups
-- Group 1
UPDATE creature SET position_x = 7610.405, position_y = -908.625, position_z = 909.1314, spawndist = 0, MovementType = 0 WHERE guid IN (527993,525090,525072);
DELETE FROM `spawn_group` WHERE id = 33010;
INSERT INTO `spawn_group` (`Id`, `Name`, `Type`, `MaxCount`, `WorldState`, `Flags`) VALUES
(33010, 'Storm Peaks - c.30445 Ice Steppe Bull x1 | c.29469 Ice Steppe Rhino x2 - Group 1', 0, 0, 0, 0);
DELETE FROM `spawn_group_spawn` WHERE id = 33010;
INSERT INTO `spawn_group_spawn` (`Id`, `Guid`, `SlotId`) VALUES
(33010, 527993, 0),
(33010, 525090, 1),
(33010, 525072, 2);
DELETE FROM `spawn_group_formation` WHERE id = 33010;
INSERT INTO `spawn_group_formation` (`Id`, `FormationType`, `FormationSpread`, `FormationOptions`, `PathId`, `MovementType`, `Comment`) VALUES
(33010, 1, 10, 0, 33010, 2, 'Storm Peaks - c.30445 Ice Steppe Bull x1 | c.29469 Ice Steppe Rhino x2 - Group 1');
DELETE FROM `waypoint_path_name` WHERE PathId = 33010;
INSERT INTO `waypoint_path_name` (`PathId`, `Name`) VALUES
(33010,'Storm Peaks - c.30445 Ice Steppe Bull x1 | c.29469 Ice Steppe Rhino x2 - Group 1');
DELETE FROM `waypoint_path` WHERE PathId = 33010;
INSERT INTO `waypoint_path` (`PathId`, `Point`, `PositionX`, `PositionY`,`PositionZ`, `Orientation`, `WaitTime`, `ScriptId`) VALUES
(33010,1,7610.405,-908.625,909.1314,100,0,0),
(33010,2,7656.5737,-980.10547,909.22656,100,0,0),
(33010,3,7657.067,-996.5163,909.3301,100,0,0),
(33010,4,7666.014,-1031.9045,908.9579,100,0,0),
(33010,5,7669.384,-1065.5516,910.65686,100,0,0),
(33010,6,7665.83,-1089.8303,912.32587,100,0,0),
(33010,7,7652.5444,-1114.6287,910.0669,100,0,0),
(33010,8,7650.4478,-1140.0955,914.03516,100,0,0),
(33010,9,7648.666,-1166.9629,921.78436,100,0,0),
(33010,10,7643.49,-1186.2988,923.56213,100,0,0),
(33010,11,7629.547,-1203.3145,926.72534,100,0,0),
(33010,12,7596.6665,-1213.3625,924.57544,100,0,0),
(33010,13,7564.487,-1220.66,918.0126,100,0,0),
(33010,14,7526.639,-1229.1307,913.06396,100,0,0),
(33010,15,7501.807,-1229.418,910.6919,100,0,0),
(33010,16,7489.1396,-1231.4546,908.49817,100,0,0),
(33010,17,7472.941,-1229.6821,906.74396,100,0,0),
(33010,18,7455.03,-1228.7899,906.6754,100,0,0),
(33010,19,7434.9985,-1208.3092,903.9098,100,0,0),
(33010,20,7413.6973,-1190.5852,903.479,100,0,0),
(33010,21,7402.9775,-1185.4,903.1576,100,0,0),
(33010,22,7395.1284,-1170.3477,902.9856,100,0,0),
(33010,23,7380.9966,-1155.2567,902.8932,100,0,0),
(33010,24,7367.1895,-1139.8937,904.86755,100,0,0),
(33010,25,7354.579,-1118.7288,908.01355,100,0,0),
(33010,26,7353.6694,-1092.7477,905.7007,100,0,0),
(33010,27,7342.8223,-1067.4126,907.9603,100,0,0),
(33010,28,7342.5923,-1044.7701,906.3819,100,0,0),
(33010,29,7337.124,-1027.0114,906.8612,100,0,0),
(33010,30,7341.7007,-1003.4395,907.80444,100,0,0),
(33010,31,7350.513,-978.6263,906.11066,100,0,0),
(33010,32,7364.3774,-949.53937,905.28015,100,0,0),
(33010,33,7386.444,-925.75726,906.77295,100,0,0),
(33010,34,7407.7686,-906.1035,907.7235,100,0,0),
(33010,35,7427.0703,-884.0657,909.78516,100,0,0),
(33010,36,7466.9565,-868.1162,908.54486,100,0,0),
(33010,37,7500.318,-861.8008,907.27563,100,0,0),
(33010,38,7537.4263,-862.44727,911.43964,100,0,0);
-- Group 2
UPDATE creature SET position_x = 7557.4688, position_y = -1341.2535, position_z = 936.41974, spawndist = 0, MovementType = 0 WHERE guid IN (527996,525084,525091,525095,525098);
DELETE FROM `spawn_group` WHERE id = 33011;
INSERT INTO `spawn_group` (`Id`, `Name`, `Type`, `MaxCount`, `WorldState`, `Flags`) VALUES
(33011, 'Storm Peaks - c.30445 Ice Steppe Bull x1 | c.29469 Ice Steppe Rhino x4 - Group 2', 0, 0, 0, 0);
DELETE FROM `spawn_group_spawn` WHERE id = 33011;
INSERT INTO `spawn_group_spawn` (`Id`, `Guid`, `SlotId`) VALUES
(33011, 527996, 0),
(33011, 525084, 1),
(33011, 525091, 2),
(33011, 525095, 3),
(33011, 525098, 4);
DELETE FROM `spawn_group_formation` WHERE id = 33011;
INSERT INTO `spawn_group_formation` (`Id`, `FormationType`, `FormationSpread`, `FormationOptions`, `PathId`, `MovementType`, `Comment`) VALUES
(33011, 4, 10, 0, 33011, 2, 'Storm Peaks - c.30445 Ice Steppe Bull x1 | c.29469 Ice Steppe Rhino x4 - Group 2');
DELETE FROM `waypoint_path_name` WHERE PathId = 33011;
INSERT INTO `waypoint_path_name` (`PathId`, `Name`) VALUES
(33011,'Storm Peaks - c.30445 Ice Steppe Bull x1 | c.29469 Ice Steppe Rhino x4 - Group 2');
DELETE FROM `waypoint_path` WHERE PathId = 33011;
INSERT INTO `waypoint_path` (`PathId`, `Point`, `PositionX`, `PositionY`,`PositionZ`, `Orientation`, `WaitTime`, `ScriptId`) VALUES
(33011,1,7557.4688,-1341.2535,936.41974,100,0,0),
(33011,2,7579.363,-1322.5543,939.6209,100,0,0),
(33011,3,7582.307,-1283.9899,930.3336,100,0,0),
(33011,4,7596.5156,-1256.7418,928.27344,100,0,0),
(33011,5,7587.193,-1238.7802,923.40906,100,0,0),
(33011,6,7566.021,-1234.5505,918.7538,100,0,0),
(33011,7,7539.8906,-1242.412,916.21716,100,0,0),
(33011,8,7509.532,-1258.7388,915.53876,100,0,0),
(33011,9,7483.875,-1283.6738,914.25745,100,0,0),
(33011,10,7503.4263,-1318.5583,923.4608,100,0,0),
(33011,11,7502.1304,-1337.8926,926.66974,100,0,0),
(33011,12,7506.047,-1363.2781,931.6561,100,0,0),
(33011,13,7520.21,-1350.6099,930.9646,100,0,0),
(33011,14,7535.1953,-1351.2539,932.95276,100,0,0);
-- Group 3
UPDATE creature SET position_x = 7483.08, position_y = -1239.0371, position_z = 907.9411, spawndist = 0, MovementType = 0 WHERE guid IN (525094,525078,525089,525093);
DELETE FROM `spawn_group` WHERE id = 33012;
INSERT INTO `spawn_group` (`Id`, `Name`, `Type`, `MaxCount`, `WorldState`, `Flags`) VALUES
(33012, 'Storm Peaks - c.29469 Ice Steppe Rhino x4 - Group 3', 0, 0, 0, 0);
DELETE FROM `spawn_group_spawn` WHERE id = 33012;
INSERT INTO `spawn_group_spawn` (`Id`, `Guid`, `SlotId`) VALUES
(33012, 525094, 0),
(33012, 525078, 1),
(33012, 525089, 2),
(33012, 525093, 3);
DELETE FROM `spawn_group_formation` WHERE id = 33012;
INSERT INTO `spawn_group_formation` (`Id`, `FormationType`, `FormationSpread`, `FormationOptions`, `PathId`, `MovementType`, `Comment`) VALUES
(33012, 0, 15, 0, 33012, 2, 'Storm Peaks - c.29469 Ice Steppe Rhino x4 - Group 3');
DELETE FROM `waypoint_path_name` WHERE PathId = 33012;
INSERT INTO `waypoint_path_name` (`PathId`, `Name`) VALUES
(33012,'Storm Peaks - c.29469 Ice Steppe Rhino x4 - Group 3');
DELETE FROM `waypoint_path` WHERE PathId = 33012;
INSERT INTO `waypoint_path` (`PathId`, `Point`, `PositionX`, `PositionY`,`PositionZ`, `Orientation`, `WaitTime`, `ScriptId`) VALUES
(33012,1,7483.08,-1239.0371,907.9411,100,0,0),
(33012,2,7457.224,-1219.9872,907.578,100,0,0),
(33012,3,7428.6797,-1203.6106,903.03015,100,0,0),
(33012,4,7396.6753,-1190.7804,903.1502,100,0,0),
(33012,5,7369.026,-1184.7017,906.3164,100,0,0),
(33012,6,7340.729,-1186.9738,914.6074,100,0,0),
(33012,7,7324.7837,-1218.5338,912.1111,100,0,0),
(33012,8,7315.4966,-1249.653,907.5233,100,0,0),
(33012,9,7321.1494,-1282.3049,901.33,100,0,0),
(33012,10,7323.7935,-1316.7826,904.6546,100,0,0),
(33012,11,7328.8037,-1336.5063,904.8082,100,0,0),
(33012,12,7341.158,-1356.1072,906.7427,100,0,0),
(33012,13,7353.1294,-1374.7574,909.6027,100,0,0),
(33012,14,7370.547,-1406.3915,912.5866,100,0,0),
(33012,15,7391.7173,-1420.5187,919.4683,100,0,0),
(33012,16,7419.0356,-1423.3418,927.42944,100,0,0),
(33012,17,7443.8203,-1419.5813,932.90894,100,0,0),
(33012,18,7475.4644,-1411.6617,938.167,100,0,0),
(33012,19,7496.6743,-1407.7634,941.83887,100,0,0),
(33012,20,7516.2065,-1416.3531,949.5901,100,0,0),
(33012,21,7541.599,-1412.5626,954.7076,100,0,0),
(33012,22,7551.3115,-1378.1693,946.0782,100,0,0),
(33012,23,7544.33,-1350.5623,935.61194,100,0,0),
(33012,24,7534.0913,-1315.4069,926.9324,100,0,0),
(33012,25,7522.5347,-1288.4935,919.35864,100,0,0),
(33012,26,7509.4688,-1264.6478,916.2433,100,0,0);
-- Group 4
UPDATE creature SET position_x = 7314.7534, position_y = -1461.1229, position_z = 916.28564, spawndist = 0, MovementType = 0 WHERE guid IN (527997,525085,525086);
DELETE FROM `spawn_group` WHERE id = 33013;
INSERT INTO `spawn_group` (`Id`, `Name`, `Type`, `MaxCount`, `WorldState`, `Flags`) VALUES
(33013, 'Storm Peaks - c.30445 Ice Steppe Bull x1 | c.29469 Ice Steppe Rhino x2 - Group 4', 0, 0, 0, 0);
DELETE FROM `spawn_group_spawn` WHERE id = 33013;
INSERT INTO `spawn_group_spawn` (`Id`, `Guid`, `SlotId`) VALUES
(33013, 527997, 0),
(33013, 525085, 1),
(33013, 525086, 2);
DELETE FROM `spawn_group_formation` WHERE id = 33013;
INSERT INTO `spawn_group_formation` (`Id`, `FormationType`, `FormationSpread`, `FormationOptions`, `PathId`, `MovementType`, `Comment`) VALUES
(33013, 4, 10, 0, 33013, 2, 'c.30445 Ice Steppe Bull x1 | c.29469 Ice Steppe Rhino x2 - Group 4');
DELETE FROM `waypoint_path_name` WHERE PathId = 33013;
INSERT INTO `waypoint_path_name` (`PathId`, `Name`) VALUES
(33013,'Storm Peaks - c.30445 Ice Steppe Bull x1 | c.29469 Ice Steppe Rhino x2 - Group 4');
DELETE FROM `waypoint_path` WHERE PathId = 33013;
INSERT INTO `waypoint_path` (`PathId`, `Point`, `PositionX`, `PositionY`,`PositionZ`, `Orientation`, `WaitTime`, `ScriptId`) VALUES
(33013,1,7314.7534,-1461.1229,916.28564,100,0,0),
(33013,2,7336.0234,-1439.5602,914.6829,100,0,0),
(33013,3,7343.6104,-1416.1124,912.49536,100,0,0),
(33013,4,7341.5903,-1382.2413,910.07544,100,0,0),
(33013,5,7338.099,-1366.2915,908.5525,100,0,0),
(33013,6,7303.647,-1338.6295,904.9696,100,0,0),
(33013,7,7292.6953,-1337.109,907.336,100,0,0),
(33013,8,7276.9404,-1343.4844,910.19916,100,0,0),
(33013,9,7260.8916,-1356.2045,911.11536,100,0,0),
(33013,10,7240.9297,-1370.6709,914.64954,100,0,0),
(33013,11,7213.619,-1399.3019,914.2506,100,0,0),
(33013,12,7189.6553,-1425.5951,918.19617,100,0,0),
(33013,13,7191.982,-1465.1116,919.41345,100,0,0),
(33013,14,7198.586,-1486.5914,921.34174,100,0,0),
(33013,15,7218.6353,-1503.9994,920.05927,100,0,0),
(33013,16,7260.4116,-1475.838,916.83813,100,0,0),
(33013,17,7286.3413,-1473.5104,915.3269,100,0,0);
-- Group 5
UPDATE creature SET position_x = 7266.4126, position_y = -1521.9323, position_z = 924.252, spawndist = 0, MovementType = 0 WHERE guid IN (525092,525080,525088,525074);
DELETE FROM `spawn_group` WHERE id = 33014;
INSERT INTO `spawn_group` (`Id`, `Name`, `Type`, `MaxCount`, `WorldState`, `Flags`) VALUES
(33014, 'Storm Peaks - c.29469 Ice Steppe Rhino x4 - Group 5', 0, 0, 0, 0);
DELETE FROM `spawn_group_spawn` WHERE id = 33014;
INSERT INTO `spawn_group_spawn` (`Id`, `Guid`, `SlotId`) VALUES
(33014, 525092, 0),
(33014, 525080, 1),
(33014, 525088, 2),
(33014, 525074, 3);
DELETE FROM `spawn_group_formation` WHERE id = 33014;
INSERT INTO `spawn_group_formation` (`Id`, `FormationType`, `FormationSpread`, `FormationOptions`, `PathId`, `MovementType`, `Comment`) VALUES
(33014, 0, 15, 0, 33014, 2, 'Storm Peaks - c.29469 Ice Steppe Rhino x4 - Group 5');
DELETE FROM `waypoint_path_name` WHERE PathId = 33014;
INSERT INTO `waypoint_path_name` (`PathId`, `Name`) VALUES
(33014,'Storm Peaks - c.29469 Ice Steppe Rhino x4 - Group 5');
DELETE FROM `waypoint_path` WHERE PathId = 33014;
INSERT INTO `waypoint_path` (`PathId`, `Point`, `PositionX`, `PositionY`,`PositionZ`, `Orientation`, `WaitTime`, `ScriptId`) VALUES
(33014,1,7266.4126,-1521.9323,924.252,100,0,0),
(33014,2,7294.362,-1513.6665,922.85,100,0,0),
(33014,3,7321.863,-1501.8949,923.1143,100,0,0),
(33014,4,7356.0493,-1488.149,926.6778,100,0,0),
(33014,5,7391.558,-1469.427,929.5382,100,0,0),
(33014,6,7414.836,-1447.5632,933.1368,100,0,0),
(33014,7,7449.866,-1419.3333,934.33496,100,0,0),
(33014,8,7476.3955,-1398.084,934.1014,100,0,0),
(33014,9,7495.6113,-1352.3572,929.68713,100,0,0),
(33014,10,7509.02,-1312.3173,922.50946,100,0,0),
(33014,11,7505.358,-1267.5254,915.67664,100,0,0),
(33014,12,7481.1094,-1237.4401,907.53534,100,0,0),
(33014,13,7443.184,-1236.3779,905.8104,100,0,0),
(33014,14,7406.1997,-1234.8932,902.6078,100,0,0),
(33014,15,7334.8237,-1254.7792,903.2293,100,0,0),
(33014,16,7299.4165,-1283.2693,905.82477,100,0,0),
(33014,17,7275.32,-1315.7526,911.1239,100,0,0),
(33014,18,7252.026,-1340.757,912.4494,100,0,0),
(33014,19,7231.53,-1371.568,916.09174,100,0,0),
(33014,20,7212.404,-1399.525,914.4331,100,0,0),
(33014,21,7198.3433,-1428.6034,915.9355,100,0,0),
(33014,22,7203.4634,-1459.5367,917.22437,100,0,0),
(33014,23,7227.422,-1496.4342,917.538,100,0,0),
(33014,24,7248.021,-1517.8676,922.9519,100,0,0);

-- c.29753 Stormpeak Wyrm
DELETE FROM creature_addon WHERE guid IN (526307,526293);
DELETE FROM creature_movement WHERE id IN (526307,526293);
DELETE FROM game_event_creature WHERE guid IN (526307,526293);
DELETE FROM game_event_creature_data WHERE guid IN (526307,526293);
DELETE FROM creature_battleground WHERE guid IN (526307,526293);
DELETE FROM creature_linking WHERE guid IN (526307,526293);
DELETE FROM creature WHERE guid IN (526307,526293);
DELETE FROM creature_addon WHERE guid BETWEEN 526050 AND 526069;
DELETE FROM creature_movement WHERE id BETWEEN 526050 AND 526069;
DELETE FROM game_event_creature WHERE guid BETWEEN 526050 AND 526069;
DELETE FROM game_event_creature_data WHERE guid BETWEEN 526050 AND 526069;
DELETE FROM creature_battleground WHERE guid BETWEEN 526050 AND 526069;
DELETE FROM creature_linking WHERE guid BETWEEN 526050 AND 526069;
DELETE FROM creature WHERE guid BETWEEN 526050 AND 526069;
INSERT INTO creature (guid, id, map, spawnMask, phaseMask, position_x, position_y, position_z, orientation, spawntimesecsmin, spawntimesecsmax, spawndist, MovementType) VALUES
(526050,29753,571,1,1,6885.677,-1893.5326,996.753,0,300,300,0,3),
(526051,29753,571,1,1,6583.0063,-1778.6168,944.68396,0,300,300,0,3),
(526052,29753,571,1,1,6840.9595,-1897.8967,1241.8289,0,300,300,0,3),
(526053,29753,571,1,1,6788.491,-1777.2567,1040.8994,0,300,300,0,3),
(526054,29753,571,1,1,6858.7925,-1910.1617,1124.6254,0,300,300,0,3),
(526055,29753,571,1,1,7171.794,-1623.4254,1024.3909,0,300,300,0,3),
(526056,29753,571,1,1,6530.9146,-1832.7388,1007.079,0,300,300,0,3),
(526057,29753,571,1,1,7391.402,-1533.6002,1071.171,0,300,300,0,3),
(526058,29753,571,1,1,6615.0703,-1857.2281,1159.1567,0,300,300,0,3),
(526059,29753,571,1,1,7248.159,-1659.5826,1080.8304,1.099557399749755859,300,300,0,0), -- static
(526060,29753,571,1,1,7353.7876,-1644.0099,1141.2473,1.745329260826110839,300,300,0,0), -- static
(526061,29753,571,1,1,7167.143,-1445.4557,987.55554,0,300,300,0,3),
(526062,29753,571,1,1,7334.6978,-1481.8912,948.315,0,300,300,0,3),
(526063,29753,571,1,1,7135.2266,-1283.2924,1091.5938,5.724679946899414062,300,300,0,0),
(526064,29753,571,1,1,7144.828,-1255.9264,1100.343,5.777040004730224609,300,300,0,0),
(526065,29753,571,1,1,6795.77,-1867.6144,1198.6665,0,300,300,0,3),
(526066,29753,571,1,1,6663.6772,-1849.5862,1137.775,1.93731546401977539,300,300,0,0),
(526067,29753,571,1,1,6714.7036,-1939.7533,1178.6289,4.415682792663574218,300,300,0,0),
(526068,29753,571,1,1,7286.1675,-1323.8422,960.52234,0,300,300,0,3),
(526069,29753,571,1,1,7507.776,-1364.5627,991.6395,0,300,300,0,3);
-- individual addon
DELETE FROM creature_addon WHERE guid IN (526059,526294,526292,526063,526064,526296,526066,526067,526300,526297,526299,526288,526301);
INSERT INTO creature_addon (guid,mount,stand_state,sheath_state,pvp_flags,emote,moveflags,auras) VALUES
(526059,0,1,1,0,0,0,NULL),
(526294,0,1,1,0,0,0,NULL),
(526292,0,1,1,0,0,0,NULL),
(526063,0,1,1,0,0,0,NULL),
(526064,0,1,1,0,0,0,NULL),
(526296,0,1,1,0,0,0,NULL),
(526066,0,1,1,0,0,0,NULL),
(526067,0,1,1,0,0,0,NULL),
(526300,0,1,1,0,0,0,NULL),
(526297,0,1,1,0,0,0,NULL),
(526299,0,1,1,0,0,0,NULL),
(526288,0,1,1,0,0,0,NULL),
(526301,0,1,1,0,0,0,NULL);
UPDATE creature SET spawndist = 0, MovementType = 0 WHERE guid = 526301;
UPDATE creature SET position_x = 6607.2485, position_y = -1792.8043, position_z = 1084.8699, orientation = 0, spawndist = 0, MovementType = 3 WHERE guid = 526298;
UPDATE creature SET position_x = 7170.299, position_y = -1447.3514, position_z = 1015.2654, orientation = 0, spawndist = 0, MovementType = 3 WHERE guid = 526306;
UPDATE creature SET position_x = 7327.8535, position_y = -1587.8401, position_z = 948.315, orientation = 0, spawndist = 0, MovementType = 3 WHERE guid = 526289;
UPDATE creature SET position_x = 7334.6978, position_y = -1481.8912, position_z = 948.315, orientation = 0, spawndist = 0, MovementType = 3 WHERE guid = 526305;
UPDATE creature SET position_x = 7334.6978, position_y = -1481.8912, position_z = 948.315, orientation = 0, spawndist = 0, MovementType = 3 WHERE guid = 526295;
UPDATE creature SET position_x = 7436.533, position_y = -1280.687, position_z = 948.315, orientation = 0, spawndist = 0, MovementType = 3 WHERE guid = 526290;
UPDATE creature SET position_x = 7202.8057, position_y = -1459.1608, position_z = 960.2362, orientation = 0, spawndist = 0, MovementType = 3 WHERE guid = 526308;
UPDATE creature SET position_x = 7313.184, position_y = -1221.4751, position_z = 952.9126, orientation = 0, spawndist = 0, MovementType = 3 WHERE guid = 526309;
UPDATE creature SET position_x = 7458.4243, position_y = -1438.0033, position_z = 1005.1729, orientation = 0, spawndist = 0, MovementType = 3 WHERE guid = 526302;
UPDATE creature SET position_x = 7518.522, position_y = -1237.6632, position_z = 1056.8264, orientation = 0, spawndist = 0, MovementType = 3 WHERE guid = 526291;
UPDATE creature SET position_x = 7451.6675, position_y = -1273.2136, position_z = 958.26514, orientation = 0, spawndist = 0, MovementType = 3 WHERE guid = 526304;
UPDATE creature SET position_x = 7236.676, position_y = -1416.4664, position_z = 931.47504, orientation = 0.191986218094825744, spawndist = 0, MovementType = 0 WHERE guid = 526294;
UPDATE creature SET position_x = 6998.847, position_y = -1445.0825, position_z = 984.78827, orientation = 6.126105785369873046, spawndist = 0, MovementType = 0 WHERE guid = 526292;
UPDATE creature SET position_x = 7452.299, position_y = -1354.7623, position_z = 942.6544, orientation = 1.972222089767456054, spawndist = 0, MovementType = 0 WHERE guid = 526296;
UPDATE creature SET position_x = 7596.796, position_y = -1506.4412, position_z = 1053.5648, orientation = 2.199114799499511718, spawndist = 0, MovementType = 0 WHERE guid = 526300;
UPDATE creature SET position_x = 7684.877, position_y = -1422.1646, position_z = 1176.5205, orientation = 2.809980154037475585, spawndist = 0, MovementType = 0 WHERE guid = 526297;
UPDATE creature SET position_x = 7694.3022, position_y = -1493.2908, position_z = 1177.7656, orientation = 2.705260276794433593, spawndist = 0, MovementType = 0 WHERE guid = 526299;
UPDATE creature SET position_x = 7584.9473, position_y = -1634.492, position_z = 1212.4065, orientation = 2.059488534927368164, spawndist = 0, MovementType = 0 WHERE guid = 526288;
DELETE FROM creature_movement WHERE id IN (526298,526050,526051,526052,526053,526054,526055,526056,526057,526058,526289,526306,526062,526295,526305,526061,526290,
526308,526309,526302,526291,526065,526068,526069,526304);
INSERT INTO creature_movement (`id`, `Point`, `PositionX`, `PositionY`, `PositionZ`, `Orientation`, `WaitTime`, `ScriptId`) VALUES
-- 526298
(526298,1,6607.2485,-1792.8043,1084.8699,100,0,0),
(526298,2,6682.8804,-1784.1998,1084.8699,100,0,0),
(526298,3,6742.078,-1787.8092,1084.8699,100,0,0),
(526298,4,6775.219,-1802.0549,1084.8699,100,0,0),
(526298,5,6861.493,-1854.589,1084.8699,100,0,0),
(526298,6,6918.477,-1929.3544,1084.8699,100,0,0),
(526298,7,6802.408,-1990.6632,1084.8699,100,0,0),
(526298,8,6690.392,-2024.1161,1084.8699,100,0,0),
(526298,9,6642.894,-2018.6958,1084.8699,100,0,0),
(526298,10,6590.5684,-1988.6471,1084.8699,100,0,0),
(526298,11,6543.6743,-1887.0857,1084.8699,100,0,0),
-- 526306 - RP
(526306,1,7170.299,-1447.3514,1015.2654,100,0,0),
(526306,2,7248.966,-1581.5385,1015.2654,100,0,0),
(526306,3,7413.1763,-1485.2883,1031.7377,100,0,0),
(526306,4,7400.0303,-1300.3247,978.4598,100,0,0),
(526306,5,7290.922,-1270.148,1009.0153,100,0,0),
(526306,6,7199.313,-1325.969,978.4598,100,0,0),
-- 526050
(526050,1,6885.677,-1893.5326,996.753,100,0,0),
(526050,2,6817.1377,-1792.9231,1017.725,100,0,0),
(526050,3,6710.024,-1715.2809,1017.7249,100,0,0),
(526050,4,6513.247,-1863.6925,1027.4196,100,0,0),
(526050,5,6576.3853,-1989.727,1027.4196,100,0,0),
(526050,6,6819.1123,-2017.5221,1005.9474,100,0,0),
-- 526051
(526051,1,6583.0063,-1778.6168,944.68396,100,0,0),
(526051,2,6646.0967,-1713.549,914.64954,100,0,0),
(526051,3,6744.0034,-1703.4468,914.64954,100,0,0),
(526051,4,6852.6553,-1791.8137,960.27374,100,0,0),
(526051,5,6885.182,-1848.8822,981.25543,100,0,0),
(526051,6,6887.1294,-1947.6549,1000.7671,100,0,0),
(526051,7,6803.857,-2005.191,1000.767,100,0,0),
(526051,8,6757.869,-2023.5953,1017.6559,100,0,0),
(526051,9,6614.02,-2029.3707,1000.767,100,0,0),
(526051,10,6530.5254,-1873.2516,1000.767,100,0,0),
-- 526052
(526052,1,6840.9595,-1897.8967,1241.8289,100,0,0),
(526052,2,6835.389,-1874.6337,1241.8289,100,0,0),
(526052,3,6795.541,-1822.9796,1241.8289,100,0,0),
(526052,4,6744.8364,-1783.7799,1241.8289,100,0,0),
(526052,5,6662.761,-1801.1812,1241.8289,100,0,0),
(526052,6,6584.456,-1850.6208,1241.8289,100,0,0),
(526052,7,6573.216,-1952.7563,1241.8289,100,0,0),
(526052,8,6630.95,-2006.526,1241.8289,100,0,0),
(526052,9,6744.2544,-2005.3767,1241.8289,100,0,0),
(526052,10,6808.347,-1966.9518,1241.8289,100,0,0),
-- 526053
(526053,1,6788.491,-1777.2567,1040.8994,100,0,0),
(526053,2,6669.3325,-1775.2106,1060.038,100,0,0),
(526053,3,6598.327,-1805.0737,1053.4823,100,0,0),
(526053,4,6557.5854,-1907.2266,1027.9543,100,0,0),
(526053,5,6550.8887,-1967.0555,1042.5378,100,0,0),
(526053,6,6587.5845,-2017.8906,1029.1213,100,0,0),
(526053,7,6764.405,-2003.901,1029.1213,100,0,0),
(526053,8,6905.55,-1935.3125,1014.6769,100,0,0),
(526053,9,6881.186,-1864.9763,1022.6492,100,0,0),
-- 526054
(526054,1,6858.7925,-1910.1617,1124.6254,100,0,0),
(526054,2,6831.9277,-1927.4974,1124.6254,100,0,0),
(526054,3,6793.264,-1951.0122,1124.6254,100,0,0),
(526054,4,6721.6943,-1998.5421,1124.6254,100,0,0),
(526054,5,6659.9297,-2016.6515,1124.6254,100,0,0),
(526054,6,6597.223,-2000.8069,1124.6254,100,0,0),
(526054,7,6567.0938,-1924.8103,1124.6254,100,0,0),
(526054,8,6585.259,-1862.8262,1124.6254,100,0,0),
(526054,9,6628.525,-1817.733,1124.6254,100,0,0),
(526054,10,6678.567,-1795.8018,1124.6254,100,0,0),
(526054,11,6764.891,-1817.6082,1124.6254,100,0,0),
(526054,12,6861.5527,-1878.8607,1124.6254,100,0,0),
-- 526055 - no RP
(526055,1,7171.794,-1623.4254,1024.3909,100,0,0),
(526055,2,7232.853,-1552.4362,1018.6124,100,0,0),
(526055,3,7307.723,-1450.2821,1031.3346,100,0,0),
(526055,4,7331.6753,-1329.2845,1071.6682,100,0,0),
(526055,5,7358.5845,-1200.4528,1095.0839,100,0,0),
(526055,6,7466.6035,-1189.7726,1087.8351,100,0,0),
(526055,7,7551.9365,-1306.0388,1036.9182,100,0,0),
(526055,8,7448.903,-1429.0334,989.2788,100,0,0),
(526055,9,7265.264,-1460.6033,924.75134,100,0,0),
(526055,10,7092.6025,-1462.5968,1039.613,100,0,0),
(526055,11,6996.5664,-1627.1426,1060.5576,100,0,0),
(526055,12,7050.83,-1759.6013,1026.4742,100,0,0),
-- 526056
(526056,1,6530.9146,-1832.7388,1007.079,100,0,0),
(526056,2,6567.587,-1761.4664,979.27344,100,0,0),
(526056,3,6625.971,-1684.5902,979.27344,100,0,0),
(526056,4,6783.4663,-1751.8408,979.27344,100,0,0),
(526056,5,6818.565,-1778.1864,979.27344,100,0,0),
(526056,6,6876.827,-1853.3295,996.55133,100,0,0),
(526056,7,6890.273,-1899.7216,1002.3569,100,0,0),
(526056,8,6865.389,-1945.5881,1010.0235,100,0,0),
(526056,9,6842.5693,-1965.5647,1010.0234,100,0,0),
(526056,10,6793.3833,-1984.9266,1020.8291,100,0,0),
(526056,11,6747.414,-2008.8599,1001.3846,100,0,0),
(526056,12,6567.937,-2014.3103,1014.4402,100,0,0),
-- 526057 - no RP
(526057,1,7391.402,-1533.6002,1071.171,100,0,0),
(526057,2,7711.191,-1351.8579,1194.3666,100,0,0),
(526057,3,7616.7847,-1342.9106,1117.866,100,0,0),
(526057,4,7441.751,-1377.4833,985.61536,100,0,0),
(526057,5,7286.94,-1422.5215,978.0876,100,0,0),
(526057,6,7141.904,-1431.1545,978.0876,100,0,0),
(526057,7,7141.696,-1557.3716,978.0876,100,0,0),
-- 526058
(526058,1,6615.0703,-1857.2281,1159.1567,100,0,0),
(526058,2,6586.5557,-1925.2383,1145.019,100,0,0),
(526058,3,6639.087,-1974.7023,1128.3517,100,0,0),
(526058,4,6699.7363,-2011.6122,1128.3517,100,0,0),
(526058,5,6824.5825,-1975.2301,1128.3517,100,0,0),
(526058,6,6849.903,-1894.6906,1148.3236,100,0,0),
(526058,7,6815.3657,-1856.0074,1148.3236,100,0,0),
(526058,8,6783.5806,-1821.231,1148.3236,100,0,0),
(526058,9,6698.702,-1788.5543,1148.3236,100,0,0),
-- 526289 - no RP
(526289,1,7327.8535,-1587.8401,1019.7881,100,0,0),
(526289,2,7289.0054,-1581.7157,1019.7881,100,0,0),
(526289,3,7237.962,-1537.7316,1019.7881,100,0,0),
(526289,4,7256.1157,-1485.3271,1019.7881,100,0,0),
(526289,5,7329.1787,-1461.2297,1019.7881,100,0,0),
(526289,6,7373.0254,-1497.7078,1019.7881,100,0,0),
(526289,7,7376.8403,-1544.1652,1019.7881,100,0,0),
(526289,8,7361.692,-1568.8103,1019.7881,100,0,0),
-- 526062 - RP
(526062,1,7334.6978,-1481.8912,948.315,100,0,0),
(526062,2,7279.2017,-1539.6011,972.5648,100,0,0),
(526062,3,7199.9688,-1516.1833,987.42554,100,0,0),
(526062,4,7191.0625,-1394.8591,996.62,100,0,0),
(526062,5,7425.971,-1480.3892,1014.6478,100,0,0),
(526062,6,7536.6787,-1331.3547,1005.2037,100,0,0),
(526062,7,7494.7676,-1257.0864,1005.2038,100,0,0),
(526062,8,7395.4707,-1254.418,1027.2314,100,0,0),
(526062,9,7291.1504,-1314.3955,995.50946,100,0,0),
-- 526305 - no RP
(526305,1,7322.3853,-1391.3588,1030.9374,100,0,0),
(526305,2,7325.9634,-1333.5167,1030.9374,100,0,0),
(526305,3,7292.6304,-1292.2615,1030.9374,100,0,0),
(526305,4,7242.074,-1296.146,1030.9374,100,0,0),
(526305,5,7221.022,-1309.7549,1030.9374,100,0,0),
(526305,6,7184.7334,-1362.6353,1030.9374,100,0,0),
(526305,7,7258.7524,-1422.9529,1030.9374,100,0,0),
-- 526295 - no RP
(526295,1,7534.368,-1192.6234,1109.7566,100,0,0),
(526295,2,7491.9785,-1297.3356,1075.2559,100,0,0),
(526295,3,7435.8228,-1388.1976,963.8117,100,0,0),
(526295,4,7374.318,-1466.1448,951.8396,100,0,0),
(526295,5,7270.3105,-1513.1885,983.50635,100,0,0),
(526295,6,7186.2607,-1542.495,999.2841,100,0,0),
(526295,7,7146.302,-1430.0928,1026.784,100,0,0),
(526295,8,7277.046,-1312.4833,941.7841,100,0,0),
(526295,9,7350.6797,-1247.7358,932.97876,100,0,0),
(526295,10,7462.04,-1145.1886,1073.3401,100,0,0),
-- 526061 - RP
(526061,1,7167.143,-1445.4557,987.55554,100,0,0),
(526061,2,7194.6724,-1478.0438,987.55554,100,0,0),
(526061,3,7259.109,-1469.6705,987.55554,100,0,0),
(526061,4,7301.777,-1415.7478,987.55554,100,0,0),
(526061,5,7272.482,-1346.1497,987.55554,100,0,0),
(526061,6,7209.7993,-1353.0673,987.55554,100,0,0),
(526061,7,7162.8374,-1385.0299,987.55554,100,0,0),
-- 526290 - no RP
(526290,1,7436.533,-1280.687,1035.3633,100,0,0),
(526290,2,7396.0537,-1281.4028,1035.3633,100,0,0),
(526290,3,7298.1875,-1334.7454,1035.3633,100,0,0),
(526290,4,7306.776,-1409.5221,1035.3633,100,0,0),
(526290,5,7403.8037,-1456.4576,1035.3633,100,0,0),
(526290,6,7468.895,-1421.9924,1035.3633,100,0,0),
(526290,7,7499.7144,-1349.2632,1035.3633,100,0,0),
-- 526308 - RP
(526308,1,7202.8057,-1459.1608,960.2362,100,0,0),
(526308,2,7251.0874,-1367.6848,984.6526,100,0,0),
(526308,3,7332.5356,-1407.8661,956.31964,100,0,0), 
(526308,4,7354.014,-1492.4464,984.6526,100,0,0),
(526308,5,7307.5923,-1550.9578,984.6525,100,0,0),
(526308,6,7252.655,-1530.636,984.6526,100,0,0),
-- 526309 - RP
(526309,1,7313.184,-1221.4751,952.9126,100,0,0),
(526309,2,7282.4287,-1268.7667,952.91254,100,0,0),
(526309,3,7309.1597,-1330.981,952.91254,100,0,0),
(526309,4,7367.9707,-1345.0402,952.91254,100,0,0),
(526309,5,7421.329,-1313.7195,952.91254,100,0,0),
(526309,6,7452.836,-1261.1216,952.91254,100,0,0),
(526309,7,7428.057,-1204.5259,952.91254,100,0,0),
(526309,8,7386.783,-1192.4579,952.91254,100,0,0),
(526309,9,7339.1006,-1202.9822,952.91254,100,0,0),
-- 526302 - no RP
(526302,1,7458.4243,-1438.0033,1005.1729,100,0,0),
(526302,2,7528.125,-1725.5654,1300.1729,100,0,0),
(526302,3,7422.311,-1569.9807,1141.3118,100,0,0),
(526302,4,7330.9556,-1412.6025,980.81195,100,0,0),
(526302,5,7303.9316,-1283.664,980.81195,100,0,0),
(526302,6,7361.022,-1158.3528,980.81195,100,0,0),
(526302,7,7505.0938,-1216.2104,980.81195,100,0,0),
-- 526291 - no RP
(526291,1,7518.522,-1237.6632,1056.8264,100,0,0),
(526291,2,7501.124,-1449.2621,1017.7984,100,0,0),
(526291,3,7376.508,-1303.5575,1049.8544,100,0,0),
(526291,4,7325.549,-1146.4712,1046.3541,100,0,0),
(526291,5,7422.0225,-1135.8198,1033.4376,100,0,0),
-- 526065
(526065,1,6795.77,-1867.6144,1198.6665,100,0,0),
(526065,2,6799.8726,-1900.6168,1198.6665,100,0,0),
(526065,3,6787.2334,-1926.74,1198.6665,100,0,0),
(526065,4,6731.7754,-1950.6189,1198.6665,100,0,0),
(526065,5,6676.3716,-1947.4358,1198.6665,100,0,0),
(526065,6,6657.6865,-1889.7932,1198.6665,100,0,0),
(526065,7,6678.928,-1847.2145,1198.6665,100,0,0),
(526065,8,6746.7065,-1823.0848,1198.6665,100,0,0),
-- 526068 - RP
(526068,1,7286.1675,-1323.8422,960.52234,100,0,0),
(526068,2,7397.7173,-1365.0714,953.9946,100,0,0),
(526068,3,7411.863,-1480.1484,974.6611,100,0,0),
(526068,4,7293.046,-1491.6649,952.77234,100,0,0),
(526068,5,7265.5522,-1393.9143,944.9113,100,0,0),
-- 526069
(526069,1,7507.776,-1364.5627,991.6395,100,0,0),
(526069,2,7462.349,-1304.4286,991.6395,100,0,0),
(526069,3,7498.511,-1237.6018,991.6395,100,0,0),
(526069,4,7560.0444,-1239.6285,991.6395,100,0,0),
(526069,5,7587.9565,-1291.8083,991.6395,100,0,0),
(526069,6,7576.1772,-1339.2285,991.6395,100,0,0),
-- 526304 -- RP
(526304,1,7451.6675,-1273.2136,958.26514,100,0,0),
(526304,2,7438.7344,-1387.9232,990.59827,100,0,0),
(526304,3,7339.777,-1394.4286,954.5706,100,0,0),
(526304,4,7277.429,-1311.0837,941.7929,100,0,0),
(526304,5,7389.8345,-1218.3468,954.5706,100,0,0);
UPDATE creature_template SET SpeedWalk = 8/2.5, SpeedRun = 10/7.0, StaticFlags1 = StaticFlags1|2147483648 WHERE entry IN (29753);
DELETE FROM vehicle_accessory WHERE vehicle_entry = 29753;
DELETE FROM creature_spawn_data WHERE guid IN (
526050,526051,526052,526053,526054,526055,526056,526057,526058,526059,526060,526061,
526062,526063,526064,526065,526066,526067,526068,526069,526288,526289,526290,526291,
526292,526294,526295,526296,526297,526298,526299,526300,526301,526302,526303,526304,
526305,526306,526308,526309);
INSERT INTO creature_spawn_data(Guid,Id) VALUES
(526050,20056),(526051,20056),(526052,20056),(526053,20056),(526054,20056),(526055,20056),
(526056,20056),(526057,20056),(526058,20056),(526059,20056),(526060,20056),(526061,20056),
(526062,20056),(526063,20056),(526064,20056),(526065,20056),(526066,20056),(526067,20056),
(526068,20056),(526069,20056),(526288,20056),(526289,20056),(526290,20056),(526291,20056),
(526292,20056),(526294,20056),(526295,20056),(526296,20056),(526297,20056),(526298,20056),
(526299,20056),(526300,20056),(526301,20056),(526302,20056),(526303,20056),(526304,20056),
(526305,20056),(526306,20056),(526308,20056),(526309,20056);
DELETE FROM dbscripts_on_relay WHERE id IN (21251,21252,21253);
INSERT INTO dbscripts_on_relay (id,delay,command,datalong,datalong2,datalong3,buddy_entry,search_radius,data_flags,dataint,dataint2,dataint3,dataint4,datafloat,x,y,z,o,speed,condition_id,comments) VALUES
-- 21251
(21251,1,20,0,0,0,0,0,0x02,0,0,0,0,0,0,0,0,0,0,0,'Part of Stormpeak Wyrm 29753 EAI: idle'),
(21251,100,37,0,0,20,0,0,0x02,0,0,0,0,0,0,0,0,0,0,0,'Part of Stormpeak Wyrm 29753 EAI: move s->t'), -- 20y distance doesnt work for 3d area ... olny on the ground
(21251,10000,15,55510,1,0,0,0,0x02,0,0,0,0,0,0,0,0,0,0,0,'Part of Stormpeak Wyrm 29753 EAI: cast 55510'),
-- 21252
(21252,5000,37,0,0,3,0,0,0,0,0,0,0,0,0,0,0,0,0,0,'Part of Ice Steppe Bull 30445 EAI: force move t->s'),
(21252,10000,15,55526,0,0,0,0,0,0,0,0,0,0,0,0,0,0,0,0,'Part of Ice Steppe Bull 30445 EAI: cast 55526'),
(21252,15000,3,0,0,0,0,0,0,0,0,0,0,0,7146.14,-1318.71,1052.27,0,0,0,'Part of Ice Steppe Bull 30445 EAI: force target to move xyz'),
(21252,55000,14,55527,0,0,0,0,0,0,0,0,0,0,0,0,0,0,0,0,'Part of Ice Steppe Bull 30445 EAI: remove aura'),
(21252,56000,20,3,0,0x8,0,0,0,0,0,0,0,0,0,0,0,0,0,0,'Part of Ice Steppe Bull 30445 EAI: target restore default movement'),
-- 21253
(21253,1,14,55527,0,0,0,0,0x004,0,0,0,0,0,0,0,0,0,0,0,'Part of Stormpeak Wyrm 29753 EAI: remove aura'),
(21253,10,20,3,0,0x8,0,0,0x004,0,0,0,0,0,0,0,0,0,0,0,'Part of Ice Stormpeak Wyrm 29753 EAI: target restore default movement');
DELETE FROM spell_script_target WHERE entry IN (55527);
INSERT INTO spell_script_target (`entry`, `type`, `targetEntry`, `inverseEffectMask`) VALUES
(55527, 1, 29753, 0);
